SVR,RF
0.7757890012510231,0.4563737599358073
0.7543643553436881,0.12866313077593228
0.5411354327946108,0.07401895002923364
